project_id,Resource ID,Activity ID,Activity Name,Original Duration,Planned Start,Planned Finish,Start,Finish,Budgeted Units,Actual Units,Remaining Units,Units % Complete,Budgeted Units / Time,Drive Activity Dates,Default Units / Time,Price / Unit,Remaining Units / Time,Max Units/Time,Calculate costs from units,Budgeted Cost ,Spreadsheet Field
The Big -P.01-UP-20-April-26,  BIG.Q.Rft,CON-B01-FOOT-1050,RFT for RC Raft & Footings (B01) (footing),14,2-Feb-26,17-Feb-26,05-Feb-26 A,17-Feb-26 A,320.45,320.45,0.0,100%,22.89/d,Yes,8.00/d,$1.00/unit,22.89/d,8.00/d,Yes,$0.00 ,Budgeted Units
The Big -P.01-UP-20-April-26,  BIG.Q.Rft,CON-B02-FOOT-1050,RFT for RC Raft & Footings (B02) (footing),10,3-Jan-26,14-Jan-26,17-Jan-26 A,21-Jan-26 A,155.42,155.42,0.0,100%,15.54/d,Yes,8.00/d,$1.00/unit,15.54/d,8.00/d,Yes,$0.00 ,Budgeted Units
The Big -P.01-UP-20-April-26,  BIG.Q.Rft,CON-B04-FOOT-1050,RFT for RC Raft & Footings (B04) (footing),8,1-Mar-26,9-Mar-26,10-Mar-26 A,19-May-26,296.46,192.7,103.76,65%,37.06/d,Yes,8.00/d,$1.00/unit,37.06/d,8.00/d,Yes,$0.00 ,Budgeted Units
The Big -P.01-UP-20-April-26,  BIG.Q.Rft,CON-B03-FOOT-1050,RFT for RC Raft & Footings (B03) (footing),10,1-Jan-26,13-Jan-26,10-Jan-26 A,21-Jan-26 A,196.86,196.86,0.0,100%,19.69/d,Yes,8.00/d,$1.00/unit,19.69/d,8.00/d,Yes,$0.00 ,Budgeted Units
The Big -P.01-UP-20-April-26,  BIG.Q.Rft,CON-B01-BAS02-1010,"RFT for Walls, Col. & Cores (B01) (Bas 02)",15,20-May-26,11-Jun-26,20-May-26,11-Jun-26,48.92,0.0,48.92,0%,3.26/d,Yes,8.00/d,$1.00/unit,3.26/d,8.00/d,Yes,$0.00 ,Budgeted Units
The Big -P.01-UP-20-April-26,  BIG.Q.Rft,CON-B01-BAS02-1070,RFT for Slabs & Beams (B01) (Bas 02),10,21-Jun-26,4-Jul-26,21-Jun-26,4-Jul-26,77.8,0.0,77.8,0%,7.78/d,Yes,8.00/d,$1.00/unit,7.78/d,8.00/d,Yes,$0.00 ,Budgeted Units
The Big -P.01-UP-20-April-26,  BIG.Q.Rft,CON-B01-BAS02-1080,RFT for Stairs (B01) (Bas 02),6,22-Jun-26,29-Jun-26,22-Jun-26,29-Jun-26,0.8,0.0,0.8,0%,0.13/d,Yes,8.00/d,$1.00/unit,0.13/d,8.00/d,Yes,$0.00 ,Budgeted Units
The Big -P.01-UP-20-April-26,  BIG.Q.Rft,CON-B04-WT-1070,RFT for RC Raft (B04) (Water Tank),5,14-Jan-26,19-Jan-26,10-Jan-26 A,17-Jan-26 A,45.81,45.81,0.0,100%,9.16/d,Yes,8.00/d,$1.00/unit,6.54/d,8.00/d,Yes,$0.00 ,Budgeted Units
The Big -P.01-UP-20-April-26,  BIG.Q.Rft,CON-B04-WT-1110,RFT for Walls (B04) (Water Tank),8,7-Apr-26,16-Apr-26,08-Mar-26 A,14-Apr-26 A,40.71,40.71,0.0,100%,5.09/d,Yes,8.00/d,$1.00/unit,5.09/d,8.00/d,Yes,$0.00 ,Budgeted Units
The Big -P.01-UP-20-April-26,  BIG.Q.Rft,CON-B04-WT-1160,RFT for Top Slab (B04) (Water Tank),6,21-May-26,1-Jun-26,21-May-26,1-Jun-26,11.01,0.0,11.01,0%,1.84/d,Yes,8.00/d,$1.00/unit,1.84/d,8.00/d,Yes,$0.00 ,Budgeted Units
The Big -P.01-UP-20-April-26,  BIG.Q.Rft,CON-B02-BAS02-1010,"RFT for Walls, Col. & Cores (B02) (Bas 02)",12,21-Apr-26,4-May-26,21-Apr-26 A,04-May-26 A,21.08,21.08,0.0,100%,1.76/d,Yes,8.00/d,$1.00/unit,1.76/d,8.00/d,Yes,$0.00 ,Budgeted Units
The Big -P.01-UP-20-April-26,  BIG.Q.Rft,CON-B02-BAS02-1060,RFT for Slabs & Beams (B02) (Bas 02),10,17-May-26,1-Jun-26,17-May-26,1-Jun-26,47.53,0.0,47.53,0%,4.75/d,Yes,8.00/d,$1.00/unit,4.75/d,8.00/d,Yes,$0.00 ,Budgeted Units
The Big -P.01-UP-20-April-26,  BIG.Q.Rft,CON-B02-BAS02-1070,RFT for Stairs  (B02) (Bas 02),6,19-May-26,25-May-26,19-May-26,25-May-26,0.76,0.0,0.76,0%,0.13/d,Yes,8.00/d,$1.00/unit,0.13/d,8.00/d,Yes,$0.00 ,Budgeted Units
The Big -P.01-UP-20-April-26,  BIG.Q.Rft,CON-B03-BAS02-1010,"RFT for Walls, Col. & Cores (B03) (Bas 02)",12,6-Apr-26,20-Apr-26,05-Mar-26 A,11-Mar-26 A,28.19,28.19,0.0,100%,2.35/d,Yes,8.00/d,$1.00/unit,2.35/d,8.00/d,Yes,$0.00 ,Budgeted Units
The Big -P.01-UP-20-April-26,  BIG.Q.Rft,CON-B03-BAS02-1060,RFT for Slabs & Beams (B03) (Bas 02),10,2-Jun-26,13-Jun-26,2-Jun-26,13-Jun-26,42.59,0.0,42.59,0%,4.26/d,Yes,8.00/d,$1.00/unit,4.26/d,8.00/d,Yes,$0.00 ,Budgeted Units
The Big -P.01-UP-20-April-26,  BIG.Q.Rft,CON-B03-BAS02-1070,RFT for Stairs  (B03) (Bas 02),6,2-Jun-26,9-Jun-26,2-Jun-26,9-Jun-26,0.8,0.0,0.8,0%,0.13/d,Yes,8.00/d,$1.00/unit,0.13/d,8.00/d,Yes,$0.00 ,Budgeted Units
The Big -P.01-UP-20-April-26,  BIG.Q.Rft,CON-B02-SOG-1040,Shuttering & RFT for S.O.G (B02) (Sog),15,22-Oct-26,8-Nov-26,22-Oct-26,8-Nov-26,6.18,0.0,6.18,0%,0.41/d,Yes,8.00/d,$1.00/unit,0.41/d,8.00/d,Yes,$0.00 ,Budgeted Units
The Big -P.01-UP-20-April-26,  BIG.Q.Rft,CON-B01-SOG-1040,Shuttering & RFT for S.O.G (B01) (Sog),15,4-Oct-26,21-Oct-26,4-Oct-26,21-Oct-26,11.71,0.0,11.71,0%,0.78/d,Yes,8.00/d,$1.00/unit,0.78/d,8.00/d,Yes,$0.00 ,Budgeted Units
The Big -P.01-UP-20-April-26,  BIG.Q.Rft,CON-B01-BAS01-1010,"RFT for Walls, Col. & Cores (B01) (Bas 01)",12,9-Jul-26,25-Jul-26,9-Jul-26,25-Jul-26,45.78,0.0,45.78,0%,3.82/d,Yes,8.00/d,$1.00/unit,3.82/d,8.00/d,Yes,$0.00 ,Budgeted Units
The Big -P.01-UP-20-April-26,  BIG.Q.Rft,CON-B01-BAS01-1060,RFT for Slabs & Beams (B01) (Bas 01),10,2-Aug-26,13-Aug-26,2-Aug-26,13-Aug-26,84.6,0.0,84.6,0%,8.46/d,Yes,8.00/d,$1.00/unit,8.46/d,8.00/d,Yes,$0.00 ,Budgeted Units
The Big -P.01-UP-20-April-26,  BIG.Q.Rft,CON-B01-BAS01-1080,RFT for Stairs  (B01) (Bas 01),6,5-Aug-26,12-Aug-26,5-Aug-26,12-Aug-26,0.8,0.0,0.8,0%,0.13/d,Yes,8.00/d,$1.00/unit,0.13/d,8.00/d,Yes,$0.00 ,Budgeted Units
The Big -P.01-UP-20-April-26,  BIG.Q.Rft,CON-B02-BAS01-1010,"RFT for Walls, Col. & Cores (B02) (Bas 01)",12,7-Jun-26,20-Jun-26,7-Jun-26,20-Jun-26,16.26,0.0,16.26,0%,1.36/d,Yes,8.00/d,$1.00/unit,1.36/d,8.00/d,Yes,$0.00 ,Budgeted Units
The Big -P.01-UP-20-April-26,  BIG.Q.Rft,CON-B02-BAS01-1060,RFT for Slabs & Beams (B02) (Bas 01),10,28-Jun-26,9-Jul-26,28-Jun-26,9-Jul-26,54.6,0.0,54.6,0%,5.46/d,Yes,8.00/d,$1.00/unit,5.46/d,8.00/d,Yes,$0.00 ,Budgeted Units
The Big -P.01-UP-20-April-26,  BIG.Q.Rft,CON-B02-BAS01-1070,RFT for Stairs  (B02) (Bas 01),6,1-Jul-26,7-Jul-26,1-Jul-26,7-Jul-26,0.76,0.0,0.76,0%,0.13/d,Yes,8.00/d,$1.00/unit,0.13/d,8.00/d,Yes,$0.00 ,Budgeted Units
The Big -P.01-UP-20-April-26,  BIG.Q.Rft,CON-B04-BAS01-1010,"RFT for Walls, Col. & Cores (B04) (Bas 01)",8,5-Jul-26,13-Jul-26,5-Jul-26,13-Jul-26,45.99,0.0,45.99,0%,5.75/d,Yes,8.00/d,$1.00/unit,5.75/d,8.00/d,Yes,$0.00 ,Budgeted Units
The Big -P.01-UP-20-April-26,  BIG.Q.Rft,CON-B04-BAS01-1070,RFT for Slabs & Beams (B04) (Bas 01),8,25-Jul-26,2-Aug-26,25-Jul-26,2-Aug-26,87.32,0.0,87.32,0%,10.91/d,Yes,8.00/d,$1.00/unit,10.91/d,8.00/d,Yes,$0.00 ,Budgeted Units
The Big -P.01-UP-20-April-26,  BIG.Q.Rft,CON-B04-BAS01-1090,RFT for Stairs  (B04) (Bas 01),5,28-Jul-26,2-Aug-26,28-Jul-26,2-Aug-26,0.54,0.0,0.54,0%,0.11/d,Yes,8.00/d,$1.00/unit,0.11/d,8.00/d,Yes,$0.00 ,Budgeted Units
The Big -P.01-UP-20-April-26,  BIG.Q.Rft,CON-B03-BAS01-1010,"RFT for Walls, Col. & Cores (B03) (Bas 01)",12,21-Jun-26,5-Jul-26,21-Jun-26,5-Jul-26,21.74,0.0,21.74,0%,1.81/d,Yes,8.00/d,$1.00/unit,1.81/d,8.00/d,Yes,$0.00 ,Budgeted Units
The Big -P.01-UP-20-April-26,  BIG.Q.Rft,CON-B03-BAS01-1050,RFT for Slabs & Beams (B03) (Bas 01),10,14-Jul-26,26-Jul-26,14-Jul-26,26-Jul-26,45.88,0.0,45.88,0%,4.59/d,Yes,8.00/d,$1.00/unit,4.59/d,8.00/d,Yes,$0.00 ,Budgeted Units
The Big -P.01-UP-20-April-26,  BIG.Q.Rft,CON-B03-BAS01-1070,RFT for Stairs (B03) (Bas 01),6,18-Jul-26,25-Jul-26,18-Jul-26,25-Jul-26,0.8,0.0,0.8,0%,0.13/d,Yes,8.00/d,$1.00/unit,0.13/d,8.00/d,Yes,$0.00 ,Budgeted Units
The Big -P.01-UP-20-April-26,  BIG.Q.Rft,CON-B04-SOG-1040,Shuttering & RFT for S.O.G (B04) (Sog),15,17-Aug-26,3-Sep-26,17-Aug-26,3-Sep-26,5.35,0.0,5.35,0%,0.36/d,Yes,8.00/d,$1.00/unit,0.36/d,8.00/d,Yes,$0.00 ,Budgeted Units
The Big -P.01-UP-20-April-26,  BIG.Q.Rft,CON-B03-SOG-1040,Shuttering & RFT for S.O.G (B03) (sog),10,5-Aug-26,16-Aug-26,5-Aug-26,16-Aug-26,2.76,0.0,2.76,0%,0.28/d,Yes,8.00/d,$1.00/unit,0.28/d,8.00/d,Yes,$0.00 ,Budgeted Units
The Big -P.01-UP-20-April-26,  BIG.Q.Rft,CON-B01-GR-1010,"RFT for Walls, Col. & Cores (B01) (GR)",10,16-Aug-26,29-Aug-26,16-Aug-26,29-Aug-26,21.08,0.0,21.08,0%,2.11/d,Yes,8.00/d,$1.00/unit,2.11/d,8.00/d,Yes,$0.00 ,Budgeted Units
The Big -P.01-UP-20-April-26,  BIG.Q.Rft,CON-B01-GR-1060,RFT for Slabs & Beams (B01) (GR),10,9-Sep-26,21-Sep-26,9-Sep-26,21-Sep-26,36.57,0.0,36.57,0%,3.66/d,Yes,8.00/d,$1.00/unit,3.66/d,8.00/d,Yes,$0.00 ,Budgeted Units
The Big -P.01-UP-20-April-26,  BIG.Q.Rft,CON-B01-GR-1070,RFT for Stairs  (B01) (GR),8,7-Sep-26,16-Sep-26,7-Sep-26,16-Sep-26,1.61,0.0,1.61,0%,0.20/d,Yes,8.00/d,$1.00/unit,0.20/d,8.00/d,Yes,$0.00 ,Budgeted Units
The Big -P.01-UP-20-April-26,  BIG.Q.Rft,CON-B02-GR-1010,"RFT for Walls, Col. & Cores (B02) (GR)",12,16-Jul-26,30-Jul-26,16-Jul-26,30-Jul-26,12.09,0.0,12.09,0%,1.01/d,Yes,8.00/d,$1.00/unit,1.01/d,8.00/d,Yes,$0.00 ,Budgeted Units
The Big -P.01-UP-20-April-26,  BIG.Q.Rft,CON-B02-GR-1060,RFT for Slabs & Beams (B02) (GR),12,12-Aug-26,25-Aug-26,12-Aug-26,25-Aug-26,46.48,0.0,46.48,0%,3.87/d,Yes,8.00/d,$1.00/unit,3.87/d,8.00/d,Yes,$0.00 ,Budgeted Units
The Big -P.01-UP-20-April-26,  BIG.Q.Rft,CON-B02-GR-1070,RFT for Stairs  (B02) (GR),8,9-Aug-26,17-Aug-26,9-Aug-26,17-Aug-26,1.52,0.0,1.52,0%,0.19/d,Yes,8.00/d,$1.00/unit,0.19/d,8.00/d,Yes,$0.00 ,Budgeted Units
The Big -P.01-UP-20-April-26,  BIG.Q.Rft,CON-B04-GR-1010,"RFT for Walls, Col. & Cores (B04) (GR)",9,8-Aug-26,17-Aug-26,8-Aug-26,17-Aug-26,21.19,0.0,21.19,0%,2.35/d,Yes,8.00/d,$1.00/unit,2.35/d,8.00/d,Yes,$0.00 ,Budgeted Units
The Big -P.01-UP-20-April-26,  BIG.Q.Rft,CON-B04-GR-1060,RFT for Slabs & Beams (B04) (GR),5,24-Aug-26,30-Aug-26,24-Aug-26,30-Aug-26,43.46,0.0,43.46,0%,8.69/d,Yes,8.00/d,$1.00/unit,8.69/d,8.00/d,Yes,$0.00 ,Budgeted Units
The Big -P.01-UP-20-April-26,  BIG.Q.Rft,CON-B04-GR-1070,RFT for Stairs  (B04) (GR),4,25-Aug-26,30-Aug-26,25-Aug-26,30-Aug-26,1.07,0.0,1.07,0%,0.27/d,Yes,8.00/d,$1.00/unit,0.27/d,8.00/d,Yes,$0.00 ,Budgeted Units
The Big -P.01-UP-20-April-26,  BIG.Q.Rft,CON-B03-GR-1010,"RFT for Walls, Col. & Cores (B03) (GR)",8,2-Aug-26,10-Aug-26,2-Aug-26,10-Aug-26,16.16,0.0,16.16,0%,2.02/d,Yes,8.00/d,$1.00/unit,2.02/d,8.00/d,Yes,$0.00 ,Budgeted Units
The Big -P.01-UP-20-April-26,  BIG.Q.Rft,CON-B03-GR-1060,RFT for Slabs & Beams (B03) (GR),5,19-Aug-26,24-Aug-26,19-Aug-26,24-Aug-26,32.55,0.0,32.55,0%,6.51/d,Yes,8.00/d,$1.00/unit,6.51/d,8.00/d,Yes,$0.00 ,Budgeted Units
The Big -P.01-UP-20-April-26,  BIG.Q.Rft,CON-B03-GR-1070,RFT for Stairs  (B03) (GR),4,20-Aug-26,24-Aug-26,20-Aug-26,24-Aug-26,1.61,0.0,1.61,0%,0.40/d,Yes,8.00/d,$1.00/unit,0.40/d,8.00/d,Yes,$0.00 ,Budgeted Units
The Big -P.01-UP-20-April-26,  BIG.Q.Rft,CON-B01-6TH-1010,"RFT for Walls, Col. & Cores (B01) (6th)",6,12-Apr-27,19-Apr-27,12-Apr-27,19-Apr-27,11.34,0.0,11.34,0%,1.89/d,Yes,8.00/d,$1.00/unit,1.89/d,8.00/d,Yes,$0.00 ,Budgeted Units
The Big -P.01-UP-20-April-26,  BIG.Q.Rft,CON-B01-6TH-1050,"RFT for Slabs, Beams & Stairs (B01) (6th)",9,1-May-27,11-May-27,1-May-27,11-May-27,30.75,0.0,30.75,0%,3.42/d,Yes,8.00/d,$1.00/unit,3.42/d,8.00/d,Yes,$0.00 ,Budgeted Units
The Big -P.01-UP-20-April-26,  BIG.Q.Rft,CON-B01-7TH-1010,"RFT for Walls, Col. & Cores (B01) (7th)",5,16-May-27,22-May-27,16-May-27,22-May-27,11.34,0.0,11.34,0%,2.27/d,Yes,8.00/d,$1.00/unit,2.27/d,8.00/d,Yes,$0.00 ,Budgeted Units
The Big -P.01-UP-20-April-26,  BIG.Q.Rft,CON-B01-7TH-1050,"RFT for Slabs, Beams & Stairs (B01) (7th)",9,1-Jun-27,12-Jun-27,1-Jun-27,12-Jun-27,30.77,0.0,30.77,0%,3.42/d,Yes,8.00/d,$1.00/unit,3.42/d,8.00/d,Yes,$0.00 ,Budgeted Units
The Big -P.01-UP-20-April-26,  BIG.Q.Rft,CON-B01-8TH-1010,"RFT for Walls, Col. & Cores (B01) (8th)",5,16-Jun-27,22-Jun-27,16-Jun-27,22-Jun-27,11.34,0.0,11.34,0%,2.27/d,Yes,8.00/d,$1.00/unit,2.27/d,8.00/d,Yes,$0.00 ,Budgeted Units
The Big -P.01-UP-20-April-26,  BIG.Q.Rft,CON-B01-8TH-1050,"RFT for Slabs, Beams & Stairs (B01) (8th)",8,30-Jun-27,10-Jul-27,30-Jun-27,10-Jul-27,29.08,0.0,29.08,0%,3.64/d,Yes,8.00/d,$1.00/unit,3.64/d,8.00/d,Yes,$0.00 ,Budgeted Units
The Big -P.01-UP-20-April-26,  BIG.Q.Rft,CON-B01-1ST-1010,"RFT for Walls, Col. & Cores (B01) (1st)",7,28-Sep-26,7-Oct-26,28-Sep-26,7-Oct-26,13.53,0.0,13.53,0%,1.93/d,Yes,8.00/d,$1.00/unit,1.93/d,8.00/d,Yes,$0.00 ,Budgeted Units
The Big -P.01-UP-20-April-26,  BIG.Q.Rft,CON-B01-1ST-1050,"RFT for Slabs, Beams & Stairs(B01) (1st)",12,18-Oct-26,1-Nov-26,18-Oct-26,1-Nov-26,38.17,0.0,38.17,0%,3.18/d,Yes,8.00/d,$1.00/unit,3.18/d,8.00/d,Yes,$0.00 ,Budgeted Units
The Big -P.01-UP-20-April-26,  BIG.Q.Rft,CON-B01-2ND-1010,"RFT for Walls, Col. & Cores (B01) (2nd)",7,8-Nov-26,16-Nov-26,8-Nov-26,16-Nov-26,13.47,0.0,13.47,0%,1.92/d,Yes,8.00/d,$1.00/unit,1.92/d,8.00/d,Yes,$0.00 ,Budgeted Units
The Big -P.01-UP-20-April-26,  BIG.Q.Rft,CON-B01-2ND-1050,"RFT for Slabs, Beams & Stairs (B01) (2nd)",8,26-Nov-26,6-Dec-26,26-Nov-26,6-Dec-26,38.02,0.0,38.02,0%,4.75/d,Yes,8.00/d,$1.00/unit,4.75/d,8.00/d,Yes,$0.00 ,Budgeted Units
The Big -P.01-UP-20-April-26,  BIG.Q.Rft,CON-B01-3RD-1010,"RFT for Walls, Col. & Cores (B01) (3rd)",7,14-Dec-26,22-Dec-26,14-Dec-26,22-Dec-26,11.34,0.0,11.34,0%,1.62/d,Yes,8.00/d,$1.00/unit,1.62/d,8.00/d,Yes,$0.00 ,Budgeted Units
The Big -P.01-UP-20-April-26,  BIG.Q.Rft,CON-B01-3RD-1050,"RFT for Slabs, Beams & Stairs (B01) (3rd)",10,2-Jan-27,14-Jan-27,2-Jan-27,14-Jan-27,30.81,0.0,30.81,0%,3.08/d,Yes,8.00/d,$1.00/unit,3.08/d,8.00/d,Yes,$0.00 ,Budgeted Units
The Big -P.01-UP-20-April-26,  BIG.Q.Rft,CON-B01-4TH-1010,"RFT for Walls, Col. & Cores (B01) (4th)",7,23-Jan-27,1-Feb-27,23-Jan-27,1-Feb-27,11.34,0.0,11.34,0%,1.62/d,Yes,8.00/d,$1.00/unit,1.62/d,8.00/d,Yes,$0.00 ,Budgeted Units
The Big -P.01-UP-20-April-26,  BIG.Q.Rft,CON-B01-4TH-1050,"RFT for Slabs, Beams & Stairs (B01) (4th)",12,11-Feb-27,25-Feb-27,11-Feb-27,25-Feb-27,30.83,0.0,30.83,0%,2.57/d,Yes,8.00/d,$1.00/unit,2.57/d,8.00/d,Yes,$0.00 ,Budgeted Units
The Big -P.01-UP-20-April-26,  BIG.Q.Rft,CON-B01-5TH-1010,"RFT for Walls, Col. & Cores (B01) (5th)",6,6-Mar-27,16-Mar-27,6-Mar-27,16-Mar-27,11.34,0.0,11.34,0%,1.89/d,Yes,8.00/d,$1.00/unit,1.89/d,8.00/d,Yes,$0.00 ,Budgeted Units
The Big -P.01-UP-20-April-26,  BIG.Q.Rft,CON-B01-5TH-1050,"RFT for Slabs, Beams & Stairs (B01) (5th)",9,27-Mar-27,6-Apr-27,27-Mar-27,6-Apr-27,30.78,0.0,30.78,0%,3.42/d,Yes,8.00/d,$1.00/unit,3.42/d,8.00/d,Yes,$0.00 ,Budgeted Units
The Big -P.01-UP-20-April-26,  BIG.Q.Rft,CON-B01-9TH-1010,"RFT for Walls, Col. & Cores (B01) (RF)",2,17-Jul-27,19-Jul-27,17-Jul-27,19-Jul-27,3.92,0.0,3.92,0%,1.96/d,Yes,8.00/d,$1.00/unit,1.96/d,8.00/d,Yes,$0.00 ,Budgeted Units
The Big -P.01-UP-20-April-26,  BIG.Q.Rft,CON-B01-9TH-1050,"RFT for Slabs, Beams  (B01) (RF)",3,22-Jul-27,26-Jul-27,22-Jul-27,26-Jul-27,3.73,0.0,3.73,0%,1.24/d,Yes,8.00/d,$1.00/unit,1.24/d,8.00/d,Yes,$0.00 ,Budgeted Units
The Big -P.01-UP-20-April-26,  BIG.Q.Rft,CON-B02-1ST-1010,"RFT for Walls, Col. & Cores (B02) (1st)",10,17-Sep-26,28-Sep-26,17-Sep-26,28-Sep-26,7.15,0.0,7.15,0%,0.72/d,Yes,8.00/d,$1.00/unit,0.72/d,8.00/d,Yes,$0.00 ,Budgeted Units
The Big -P.01-UP-20-April-26,  BIG.Q.Rft,CON-B02-1ST-1050,"RFT for Slabs, Beams & Stairs (B02) (1st)",12,11-Oct-26,24-Oct-26,11-Oct-26,24-Oct-26,41.29,0.0,41.29,0%,3.44/d,Yes,8.00/d,$1.00/unit,3.44/d,8.00/d,Yes,$0.00 ,Budgeted Units
The Big -P.01-UP-20-April-26,  BIG.Q.Rft,CON-B02-2ND-1010,"RFT for Walls, Col. & Cores (B02) (2nd)",12,12-Nov-26,25-Nov-26,12-Nov-26,25-Nov-26,7.15,0.0,7.15,0%,0.60/d,Yes,8.00/d,$1.00/unit,0.60/d,8.00/d,Yes,$0.00 ,Budgeted Units
The Big -P.01-UP-20-April-26,  BIG.Q.Rft,CON-B02-2ND-1050,"RFT for Slabs, Beams & Stairs (B02) (2nd)",15,7-Dec-26,23-Dec-26,7-Dec-26,23-Dec-26,40.96,0.0,40.96,0%,2.73/d,Yes,8.00/d,$1.00/unit,2.73/d,8.00/d,Yes,$0.00 ,Budgeted Units
The Big -P.01-UP-20-April-26,  BIG.Q.Rft,CON-B02-3RD-1010,"RFT for Walls, Col. & Cores (B02) (3rd)",12,12-Jan-27,26-Jan-27,12-Jan-27,26-Jan-27,7.07,0.0,7.07,0%,0.59/d,Yes,8.00/d,$1.00/unit,0.59/d,8.00/d,Yes,$0.00 ,Budgeted Units
The Big -P.01-UP-20-April-26,  BIG.Q.Rft,CON-B02-3RD-1050,"RFT for Slabs, Beams & Stairs (B02) (3rd)",15,7-Feb-27,23-Feb-27,7-Feb-27,23-Feb-27,33.86,0.0,33.86,0%,2.26/d,Yes,8.00/d,$1.00/unit,2.26/d,8.00/d,Yes,$0.00 ,Budgeted Units
The Big -P.01-UP-20-April-26,  BIG.Q.Rft,CON-B02-4TH-1010,"RFT for Walls, Col. & Cores (B02) (4th)",12,15-Mar-27,28-Mar-27,15-Mar-27,28-Mar-27,7.07,0.0,7.07,0%,0.59/d,Yes,8.00/d,$1.00/unit,0.59/d,8.00/d,Yes,$0.00 ,Budgeted Units
The Big -P.01-UP-20-April-26,  BIG.Q.Rft,CON-B02-4TH-1050,"RFT for Slabs, Beams & Stairs (B02) (4th)",15,7-Apr-27,24-Apr-27,7-Apr-27,24-Apr-27,34.37,0.0,34.37,0%,2.29/d,Yes,8.00/d,$1.00/unit,2.29/d,8.00/d,Yes,$0.00 ,Budgeted Units
The Big -P.01-UP-20-April-26,  BIG.Q.Rft,CON-B02-RF-1010,"RFT for Walls, Col. & Cores (B02) (RF)",3,13-May-27,16-May-27,13-May-27,16-May-27,2.42,0.0,2.42,0%,0.81/d,Yes,8.00/d,$1.00/unit,0.81/d,8.00/d,Yes,$0.00 ,Budgeted Units
The Big -P.01-UP-20-April-26,  BIG.Q.Rft,CON-B02-RF-1050,"RFT for Slabs, Beams  (B02) (RF)",4,27-May-27,31-May-27,27-May-27,31-May-27,3.34,0.0,3.34,0%,0.84/d,Yes,8.00/d,$1.00/unit,0.84/d,8.00/d,Yes,$0.00 ,Budgeted Units
The Big -P.01-UP-20-April-26,  BIG.Q.Rft,CON-B03-1ST-1010,"RFT for Walls, Col. & Cores (B03) (1st)",12,22-Sep-26,5-Oct-26,22-Sep-26,5-Oct-26,9.56,0.0,9.56,0%,0.80/d,Yes,8.00/d,$1.00/unit,0.80/d,8.00/d,Yes,$0.00 ,Budgeted Units
The Big -P.01-UP-20-April-26,  BIG.Q.Rft,CON-B03-1ST-1050,"RFT for Slabs, Beams & Stairs (B03) (1st)",15,19-Oct-26,4-Nov-26,19-Oct-26,4-Nov-26,34.38,0.0,34.38,0%,2.29/d,Yes,8.00/d,$1.00/unit,2.29/d,8.00/d,Yes,$0.00 ,Budgeted Units
The Big -P.01-UP-20-April-26,  BIG.Q.Rft,CON-B03-2ND-1010,"RFT for Walls, Col. & Cores (B03) (2nd)",12,28-Nov-26,10-Dec-26,28-Nov-26,10-Dec-26,9.56,0.0,9.56,0%,0.80/d,Yes,8.00/d,$1.00/unit,0.80/d,8.00/d,Yes,$0.00 ,Budgeted Units
The Big -P.01-UP-20-April-26,  BIG.Q.Rft,CON-B03-2ND-1050,"RFT for Slabs, Beams & Stairs(B03) (2nd)",15,23-Dec-26,10-Jan-27,23-Dec-26,10-Jan-27,34.43,0.0,34.43,0%,2.30/d,Yes,8.00/d,$1.00/unit,2.30/d,8.00/d,Yes,$0.00 ,Budgeted Units
The Big -P.01-UP-20-April-26,  BIG.Q.Rft,CON-B03-3RD-1010,"RFT for Walls, Col. & Cores (B03) (3rd)",12,31-Jan-27,13-Feb-27,31-Jan-27,13-Feb-27,9.45,0.0,9.45,0%,0.79/d,Yes,8.00/d,$1.00/unit,0.79/d,8.00/d,Yes,$0.00 ,Budgeted Units
The Big -P.01-UP-20-April-26,  BIG.Q.Rft,CON-B03-3RD-1050,"RFT for Slabs, Beams & Stairs (B03) (3rd)",15,25-Feb-27,17-Mar-27,25-Feb-27,17-Mar-27,34.32,0.0,34.32,0%,2.29/d,Yes,8.00/d,$1.00/unit,2.29/d,8.00/d,Yes,$0.00 ,Budgeted Units
The Big -P.01-UP-20-April-26,  BIG.Q.Rft,CON-B03-4TH-1010,"RFT for Walls, Col. & Cores (B03) (4th)",12,7-Apr-27,20-Apr-27,7-Apr-27,20-Apr-27,9.45,0.0,9.45,0%,0.79/d,Yes,8.00/d,$1.00/unit,0.79/d,8.00/d,Yes,$0.00 ,Budgeted Units
The Big -P.01-UP-20-April-26,  BIG.Q.Rft,CON-B03-4TH-1050,"RFT for Slabs, Beams & Stairs (B03) (4th)",12,3-May-27,16-May-27,3-May-27,16-May-27,32.71,0.0,32.71,0%,2.73/d,Yes,8.00/d,$1.00/unit,2.73/d,8.00/d,Yes,$0.00 ,Budgeted Units
The Big -P.01-UP-20-April-26,  BIG.Q.Rft,CON-B04-1ST-1010,"RFT for Walls, Col. & Cores (B04) (1st)",7,27-Sep-26,5-Oct-26,27-Sep-26,5-Oct-26,13.6,0.0,13.6,0%,1.94/d,Yes,8.00/d,$1.00/unit,1.94/d,8.00/d,Yes,$0.00 ,Budgeted Units
The Big -P.01-UP-20-April-26,  BIG.Q.Rft,CON-B04-1ST-1050,"RFT for Slabs, Beams & Stairs (B04) (1st)",10,14-Oct-26,26-Oct-26,14-Oct-26,26-Oct-26,36.63,0.0,36.63,0%,3.66/d,Yes,8.00/d,$1.00/unit,3.66/d,8.00/d,Yes,$0.00 ,Budgeted Units
The Big -P.01-UP-20-April-26,  BIG.Q.Rft,CON-B04-2ND-1010,"RFT for Walls, Col. & Cores (B04) (2nd)",8,4-Nov-26,14-Nov-26,4-Nov-26,14-Nov-26,13.54,0.0,13.54,0%,1.69/d,Yes,8.00/d,$1.00/unit,1.69/d,8.00/d,Yes,$0.00 ,Budgeted Units
The Big -P.01-UP-20-April-26,  BIG.Q.Rft,CON-B04-2ND-1050,"RFT for Slabs, Beams & Stairs (B04) (2nd)",10,23-Nov-26,5-Dec-26,23-Nov-26,5-Dec-26,35.09,0.0,35.09,0%,3.51/d,Yes,8.00/d,$1.00/unit,3.51/d,8.00/d,Yes,$0.00 ,Budgeted Units
The Big -P.01-UP-20-April-26,  BIG.Q.Rft,CON-B04-3RD-1010,"RFT for Walls, Col. & Cores (B04) (3rd)",8,15-Dec-26,23-Dec-26,15-Dec-26,23-Dec-26,11.4,0.0,11.4,0%,1.43/d,Yes,8.00/d,$1.00/unit,1.43/d,8.00/d,Yes,$0.00 ,Budgeted Units
The Big -P.01-UP-20-April-26,  BIG.Q.Rft,CON-B04-3RD-1050,"RFT for Slabs, Beams & Stairs (B04) (3rd)",10,3-Jan-27,14-Jan-27,3-Jan-27,14-Jan-27,25.22,0.0,25.22,0%,2.52/d,Yes,8.00/d,$1.00/unit,2.52/d,8.00/d,Yes,$0.00 ,Budgeted Units
The Big -P.01-UP-20-April-26,  BIG.Q.Rft,CON-B04-4TH-1010,"RFT for Walls, Col. & Cores (B04) (4th)",8,23-Jan-27,1-Feb-27,23-Jan-27,1-Feb-27,11.4,0.0,11.4,0%,1.43/d,Yes,8.00/d,$1.00/unit,1.43/d,8.00/d,Yes,$0.00 ,Budgeted Units
The Big -P.01-UP-20-April-26,  BIG.Q.Rft,CON-B04-4TH-1050,"RFT for Slabs, Beams & Stairs (B04) (4th)",10,11-Feb-27,22-Feb-27,11-Feb-27,22-Feb-27,25.19,0.0,25.19,0%,2.52/d,Yes,8.00/d,$1.00/unit,2.52/d,8.00/d,Yes,$0.00 ,Budgeted Units
The Big -P.01-UP-20-April-26,  BIG.Q.Rft,CON-B04-5TH-1010,"RFT for Walls, Col. & Cores (B04) (5th)",8,3-Mar-27,15-Mar-27,3-Mar-27,15-Mar-27,11.4,0.0,11.4,0%,1.43/d,Yes,8.00/d,$1.00/unit,1.43/d,8.00/d,Yes,$0.00 ,Budgeted Units
The Big -P.01-UP-20-April-26,  BIG.Q.Rft,CON-B04-5TH-1050,"RFT for Slabs, Beams & Stairs (B04) (5th)",10,23-Mar-27,3-Apr-27,23-Mar-27,3-Apr-27,25.19,0.0,25.19,0%,2.52/d,Yes,8.00/d,$1.00/unit,2.52/d,8.00/d,Yes,$0.00 ,Budgeted Units
The Big -P.01-UP-20-April-26,  BIG.Q.Rft,CON-B04-6TH-1010,"RFT for Walls, Col. & Cores (B04) (6th)",5,12-Apr-27,17-Apr-27,12-Apr-27,17-Apr-27,11.4,0.0,11.4,0%,2.28/d,Yes,8.00/d,$1.00/unit,2.28/d,8.00/d,Yes,$0.00 ,Budgeted Units
The Big -P.01-UP-20-April-26,  BIG.Q.Rft,CON-B04-6TH-1050,"RFT for Slabs, Beams & Stairs (B04) (6th)",8,25-Apr-27,3-May-27,25-Apr-27,3-May-27,25.21,0.0,25.21,0%,3.15/d,Yes,8.00/d,$1.00/unit,3.15/d,8.00/d,Yes,$0.00 ,Budgeted Units
The Big -P.01-UP-20-April-26,  BIG.Q.Rft,CON-B04-7TH-1010,"RFT for Walls, Col. & Cores (B04) (7th)",5,11-May-27,16-May-27,11-May-27,16-May-27,11.4,0.0,11.4,0%,2.28/d,Yes,8.00/d,$1.00/unit,2.28/d,8.00/d,Yes,$0.00 ,Budgeted Units
The Big -P.01-UP-20-April-26,  BIG.Q.Rft,CON-B04-7TH-1050,"RFT for Slabs, Beams & Stairs (B04) (7th)",8,23-May-27,31-May-27,23-May-27,31-May-27,25.41,0.0,25.41,0%,3.18/d,Yes,8.00/d,$1.00/unit,3.18/d,8.00/d,Yes,$0.00 ,Budgeted Units
The Big -P.01-UP-20-April-26,  BIG.Q.Rft,CON-B04-8TH-1010,"RFT for Walls, Col. & Cores (B04) (8th)",6,7-Jun-27,13-Jun-27,7-Jun-27,13-Jun-27,11.4,0.0,11.4,0%,1.90/d,Yes,8.00/d,$1.00/unit,1.90/d,8.00/d,Yes,$0.00 ,Budgeted Units
The Big -P.01-UP-20-April-26,  BIG.Q.Rft,CON-B04-8TH-1050,"RFT for Slabs, Beams & Stairs (B04) (8th)",6,20-Jun-27,26-Jun-27,20-Jun-27,26-Jun-27,24.72,0.0,24.72,0%,4.12/d,Yes,8.00/d,$1.00/unit,4.12/d,8.00/d,Yes,$0.00 ,Budgeted Units
The Big -P.01-UP-20-April-26,  BIG.Q.Rft,CON-B04-RF-1010,"RFT for Walls, Col. & Cores (B04) (RF)",1,3-Jul-27,3-Jul-27,3-Jul-27,3-Jul-27,3.94,0.0,3.94,0%,3.94/d,Yes,8.00/d,$1.00/unit,3.94/d,8.00/d,Yes,$0.00 ,Budgeted Units
The Big -P.01-UP-20-April-26,  BIG.Q.Rft,CON-B04-RF-1050,"RFT for Slabs, Beams  (B04) (RF)",2,8-Jul-27,10-Jul-27,8-Jul-27,10-Jul-27,3.88,0.0,3.88,0%,1.94/d,Yes,8.00/d,$1.00/unit,1.94/d,8.00/d,Yes,$0.00 ,Budgeted Units
The Big -P.01-UP-20-April-26,  BIG.Q.Rft,CON-B03-RF-1010,"RFT for Walls, Col. & Cores (B03) (RF)",2,5-Jun-27,6-Jun-27,5-Jun-27,6-Jun-27,3.24,0.0,3.24,0%,1.62/d,Yes,8.00/d,$1.00/unit,1.62/d,8.00/d,Yes,$0.00 ,Budgeted Units
The Big -P.01-UP-20-April-26,  BIG.Q.Rft,CON-B03-RF-1050,"RFT for Slabs, Beams  (B03) (RF)",3,15-Jun-27,17-Jun-27,15-Jun-27,17-Jun-27,3.54,0.0,3.54,0%,1.18/d,Yes,8.00/d,$1.00/unit,1.18/d,8.00/d,Yes,$0.00 ,Budgeted Units
The Big -P.01-UP-20-April-26,  BIG.Q.Rft,CON-B04-BAS02-1010,"RFT for Walls, Col. & Cores (B04) (Bas 02)",10,23-May-26,7-Jun-26,23-May-26,7-Jun-26,49.19,0.0,49.19,0%,4.92/d,Yes,8.00/d,$1.00/unit,4.92/d,8.00/d,Yes,$0.00 ,Budgeted Units
The Big -P.01-UP-20-April-26,  BIG.Q.Rft,CON-B04-BAS02-1060,RFT for Slabs & Beams (B04) (Bas 02),10,20-Jun-26,1-Jul-26,20-Jun-26,1-Jul-26,80.43,0.0,80.43,0%,8.04/d,Yes,8.00/d,$1.00/unit,8.04/d,8.00/d,Yes,$0.00 ,Budgeted Units
The Big -P.01-UP-20-April-26,  BIG.Q.Rft,CON-B04-BAS02-1080,RFT for Stairs  (B04) (Bas 02),5,21-Jun-26,25-Jun-26,21-Jun-26,25-Jun-26,0.54,0.0,0.54,0%,0.11/d,Yes,8.00/d,$1.00/unit,0.11/d,8.00/d,Yes,$0.00 ,Budgeted Units
The Big -P.01-UP-20-April-26,  BIG.Q.Rft,CON-B01-BAS02-1090,RFT for Ramps (B01) (Bas 02),8,22-Jun-26,2-Jul-26,22-Jun-26,2-Jul-26,26.48,0.0,26.48,0%,3.31/d,Yes,8.00/d,$1.00/unit,3.31/d,8.00/d,Yes,$0.00 ,Budgeted Units
The Big -P.01-UP-20-April-26,  BIG.Q.Rft,CON-B01-BAS01-1090,RFT for  Ramps (B01) (Bas 01),8,5-Aug-26,15-Aug-26,5-Aug-26,15-Aug-26,26.48,0.0,26.48,0%,3.31/d,Yes,8.00/d,$1.00/unit,3.31/d,8.00/d,Yes,$0.00 ,Budgeted Units
The Big -P.01-UP-20-April-26,  BIG.Q.Rft,CON-B04-BAS02-1090,RFT for Ramps (B04) (Bas 02),5,22-Jun-26,27-Jun-26,22-Jun-26,27-Jun-26,26.48,0.0,26.48,0%,5.30/d,Yes,8.00/d,$1.00/unit,5.30/d,8.00/d,Yes,$0.00 ,Budgeted Units
The Big -P.01-UP-20-April-26,  BIG.Q.Rft,CON-B04-BAS01-1080,RFT for  Ramps (B04) (Bas 01),7,26-Jul-26,2-Aug-26,26-Jul-26,2-Aug-26,26.48,0.0,26.48,0%,3.78/d,Yes,8.00/d,$1.00/unit,3.78/d,8.00/d,Yes,$0.00 ,Budgeted Units
The Big -P.01-UP-20-April-26,  BIG.Q.Rft,CON-B01-FOOT-1070,RFT for Columns & Walls Below SOG (B01) (footing),8,5-Feb-26,14-Feb-26,28-Feb-26 A,18-May-26,1.98,1.68,0.3,85%,0.25/d,Yes,8.00/d,$1.00/unit,0.25/d,8.00/d,Yes,$0.00 ,Budgeted Units
The Big -P.01-UP-20-April-26,  BIG.Q.Rft,CON-B02-FOOT-1070,RFT for Columns & Walls Below SOG (B02) (footing),6,6-Jan-26,13-Jan-26,28-Jan-26 A,04-Mar-26 A,2.43,2.43,0.0,100%,0.41/d,Yes,8.00/d,$1.00/unit,0.41/d,8.00/d,Yes,$0.00 ,Budgeted Units
The Big -P.01-UP-20-April-26,  BIG.Q.Rft,CON-B04-FOOT-1070,RFT for Columns & Walls Below SOG (B04) (footing),5,1-Apr-26,6-Apr-26,10-Mar-26 A,18-May-26,3.14,2.04,1.1,65%,0.63/d,Yes,8.00/d,$1.00/unit,0.63/d,8.00/d,Yes,$0.00 ,Budgeted Units
The Big -P.01-UP-20-April-26,  BIG.Q.Rft,CON-B03-FOOT-1070,RFT for Columns & Walls Below SOG (B03) (footing),5,8-Jan-26,13-Jan-26,26-Jan-26 A,02-Mar-26 A,1.46,1.46,0.0,100%,0.29/d,Yes,8.00/d,$1.00/unit,0.29/d,8.00/d,Yes,$0.00 ,Budgeted Units
